price_yen,prefecture,year,address,url
bukken_id
bukken_id
bukken_id
bukken_id
bukken_id
bukken_id
bukken_id
bukken_id
bukken_id
bukken_id
bukken_id
bukken_id
bukken_id
bukken_id
bukken_id
bukken_id
bukken_id
bukken_id
bukken_id
bukken_id
bukken_id
bukken_id
bukken_id
bukken_id
bukken_id
bukken_id
bukken_id
bukken_id
bukken_id
bukken_id
bukken_id
bukken_id
bukken_id
bukken_id
bukken_id
bukken_id
bukken_id
bukken_id
bukken_id
bukken_id
bukken_id
bukken_id
bukken_id
bukken_id
bukken_id
bukken_id
bukken_id
bukken_id
bukken_id
bukken_id
bukken_id
bukken_id
bukken_id
bukken_id
bukken_id
bukken_id
bukken_id
bukken_id
bukken_id
bukken_id
bukken_id
bukken_id
bukken_id
bukken_id
bukken_id
bukken_id
bukken_id
bukken_id
bukken_id
bukken_id
bukken_id
bukken_id
bukken_id
bukken_id
bukken_id
bukken_id
bukken_id
bukken_id
bukken_id
bukken_id
